"running.Education","running.count","num_jobs"
"Bachelors",0.342857142857143,70
"Masters",0.371428571428571,70
"PhD",0.271428571428571,70
